-- --------------------------------------------------------
-- Host:                         127.0.0.1
-- Server version:               10.1.38-MariaDB - mariadb.org binary distribution
-- Server OS:                    Win64
-- HeidiSQL Version:             10.1.0.5464
-- --------------------------------------------------------

/*!40101 SET @OLD_CHARACTER_SET_CLIENT=@@CHARACTER_SET_CLIENT */;
/*!40101 SET NAMES utf8 */;
/*!50503 SET NAMES utf8mb4 */;
/*!40014 SET @OLD_FOREIGN_KEY_CHECKS=@@FOREIGN_KEY_CHECKS, FOREIGN_KEY_CHECKS=0 */;
/*!40101 SET @OLD_SQL_MODE=@@SQL_MODE, SQL_MODE='NO_AUTO_VALUE_ON_ZERO' */;


-- Dumping database structure for modelosin
CREATE DATABASE IF NOT EXISTS `modelosin` /*!40100 DEFAULT CHARACTER SET utf8 COLLATE utf8_unicode_ci */;
USE `modelosin`;

-- Dumping structure for table modelosin.archivorepo
CREATE TABLE IF NOT EXISTS `archivorepo` (
  `idArchivoRepo` int(11) NOT NULL AUTO_INCREMENT,
  `fechaPublicacion` date NOT NULL,
  `titulo` varchar(20) COLLATE utf8_unicode_ci NOT NULL,
  `resumen` text COLLATE utf8_unicode_ci NOT NULL,
  `rutaArchivo` varchar(100) COLLATE utf8_unicode_ci NOT NULL,
  `Usuario_idUsuario` int(11) NOT NULL,
  `Calificacion_idCalificacion` int(11) NOT NULL,
  `Topico_idTopico` int(11) NOT NULL,
  PRIMARY KEY (`idArchivoRepo`),
  KEY `fk_ArchivoRepo_Usuario1_idx` (`Usuario_idUsuario`),
  KEY `fk_ArchivoRepo_Calificacion1_idx` (`Calificacion_idCalificacion`),
  KEY `fk_ArchivoRepo_Topico1_idx` (`Topico_idTopico`),
  CONSTRAINT `fk_ArchivoRepo_Calificacion1` FOREIGN KEY (`Calificacion_idCalificacion`) REFERENCES `calificacion` (`idCalificacion`) ON DELETE NO ACTION ON UPDATE NO ACTION,
  CONSTRAINT `fk_ArchivoRepo_Topico1` FOREIGN KEY (`Topico_idTopico`) REFERENCES `topico` (`idTopico`) ON DELETE NO ACTION ON UPDATE NO ACTION,
  CONSTRAINT `fk_ArchivoRepo_Usuario1` FOREIGN KEY (`Usuario_idUsuario`) REFERENCES `usuario` (`idUsuario`) ON DELETE NO ACTION ON UPDATE NO ACTION
) ENGINE=InnoDB AUTO_INCREMENT=51 DEFAULT CHARSET=utf8 COLLATE=utf8_unicode_ci;

-- Dumping data for table modelosin.archivorepo: ~50 rows (approximately)
/*!40000 ALTER TABLE `archivorepo` DISABLE KEYS */;
INSERT INTO `archivorepo` (`idArchivoRepo`, `fechaPublicacion`, `titulo`, `resumen`, `rutaArchivo`, `Usuario_idUsuario`, `Calificacion_idCalificacion`, `Topico_idTopico`) VALUES
	(1, '2019-09-11', 'Titulo 1', 'Este es un resumen de prueba, no tiene significado alguno.', '/Ruta-de-prueba/archivo.pdf', 12, 5, 2),
	(2, '2019-03-02', 'Titulo 2', 'Este es un resumen de prueba, no tiene significado alguno.', '/Ruta-de-prueba/archivo.pdf', 11, 3, 5),
	(3, '2019-12-16', 'Titulo 3', 'Este es un resumen de prueba, no tiene significado alguno.', '/Ruta-de-prueba/archivo.pdf', 47, 4, 7),
	(4, '2019-09-28', 'Titulo 4', 'Este es un resumen de prueba, no tiene significado alguno.', '/Ruta-de-prueba/archivo.pdf', 27, 2, 5),
	(5, '2019-04-26', 'Titulo 5', 'Este es un resumen de prueba, no tiene significado alguno.', '/Ruta-de-prueba/archivo.pdf', 10, 2, 1),
	(6, '2019-07-29', 'Titulo 6', 'Este es un resumen de prueba, no tiene significado alguno.', '/Ruta-de-prueba/archivo.pdf', 6, 5, 5),
	(7, '2019-01-07', 'Titulo 7', 'Este es un resumen de prueba, no tiene significado alguno.', '/Ruta-de-prueba/archivo.pdf', 2, 2, 2),
	(8, '2019-08-06', 'Titulo 8', 'Este es un resumen de prueba, no tiene significado alguno.', '/Ruta-de-prueba/archivo.pdf', 24, 2, 1),
	(9, '2019-11-06', 'Titulo 9', 'Este es un resumen de prueba, no tiene significado alguno.', '/Ruta-de-prueba/archivo.pdf', 47, 3, 2),
	(10, '2019-03-30', 'Titulo 10', 'Este es un resumen de prueba, no tiene significado alguno.', '/Ruta-de-prueba/archivo.pdf', 10, 1, 1),
	(11, '2019-11-17', 'Titulo 11', 'Este es un resumen de prueba, no tiene significado alguno.', '/Ruta-de-prueba/archivo.pdf', 29, 4, 5),
	(12, '2019-08-02', 'Titulo 12', 'Este es un resumen de prueba, no tiene significado alguno.', '/Ruta-de-prueba/archivo.pdf', 28, 3, 2),
	(13, '2019-09-27', 'Titulo 13', 'Este es un resumen de prueba, no tiene significado alguno.', '/Ruta-de-prueba/archivo.pdf', 2, 4, 2),
	(14, '2019-05-06', 'Titulo 14', 'Este es un resumen de prueba, no tiene significado alguno.', '/Ruta-de-prueba/archivo.pdf', 25, 1, 7),
	(15, '2019-12-27', 'Titulo 15', 'Este es un resumen de prueba, no tiene significado alguno.', '/Ruta-de-prueba/archivo.pdf', 49, 3, 6),
	(16, '2019-12-16', 'Titulo 16', 'Este es un resumen de prueba, no tiene significado alguno.', '/Ruta-de-prueba/archivo.pdf', 31, 5, 4),
	(17, '2019-12-13', 'Titulo 17', 'Este es un resumen de prueba, no tiene significado alguno.', '/Ruta-de-prueba/archivo.pdf', 42, 5, 5),
	(18, '2019-02-06', 'Titulo 18', 'Este es un resumen de prueba, no tiene significado alguno.', '/Ruta-de-prueba/archivo.pdf', 14, 5, 3),
	(19, '2019-04-01', 'Titulo 19', 'Este es un resumen de prueba, no tiene significado alguno.', '/Ruta-de-prueba/archivo.pdf', 33, 4, 1),
	(20, '2019-09-22', 'Titulo 20', 'Este es un resumen de prueba, no tiene significado alguno.', '/Ruta-de-prueba/archivo.pdf', 44, 3, 2),
	(21, '2019-02-04', 'Titulo 21', 'Este es un resumen de prueba, no tiene significado alguno.', '/Ruta-de-prueba/archivo.pdf', 28, 2, 5),
	(22, '2019-12-29', 'Titulo 22', 'Este es un resumen de prueba, no tiene significado alguno.', '/Ruta-de-prueba/archivo.pdf', 30, 1, 6),
	(23, '2019-08-17', 'Titulo 23', 'Este es un resumen de prueba, no tiene significado alguno.', '/Ruta-de-prueba/archivo.pdf', 47, 3, 8),
	(24, '2019-06-04', 'Titulo 24', 'Este es un resumen de prueba, no tiene significado alguno.', '/Ruta-de-prueba/archivo.pdf', 24, 3, 1),
	(25, '2019-07-04', 'Titulo 25', 'Este es un resumen de prueba, no tiene significado alguno.', '/Ruta-de-prueba/archivo.pdf', 12, 3, 5),
	(26, '2019-08-25', 'Titulo 26', 'Este es un resumen de prueba, no tiene significado alguno.', '/Ruta-de-prueba/archivo.pdf', 44, 4, 3),
	(27, '2019-06-02', 'Titulo 27', 'Este es un resumen de prueba, no tiene significado alguno.', '/Ruta-de-prueba/archivo.pdf', 50, 2, 3),
	(28, '2019-02-13', 'Titulo 28', 'Este es un resumen de prueba, no tiene significado alguno.', '/Ruta-de-prueba/archivo.pdf', 18, 3, 5),
	(29, '2019-05-16', 'Titulo 29', 'Este es un resumen de prueba, no tiene significado alguno.', '/Ruta-de-prueba/archivo.pdf', 48, 4, 6),
	(30, '2019-02-12', 'Titulo 30', 'Este es un resumen de prueba, no tiene significado alguno.', '/Ruta-de-prueba/archivo.pdf', 10, 5, 7),
	(31, '2019-11-16', 'Titulo 31', 'Este es un resumen de prueba, no tiene significado alguno.', '/Ruta-de-prueba/archivo.pdf', 47, 2, 6),
	(32, '2019-04-13', 'Titulo 32', 'Este es un resumen de prueba, no tiene significado alguno.', '/Ruta-de-prueba/archivo.pdf', 14, 3, 4),
	(33, '2019-09-11', 'Titulo 33', 'Este es un resumen de prueba, no tiene significado alguno.', '/Ruta-de-prueba/archivo.pdf', 35, 5, 2),
	(34, '2019-01-12', 'Titulo 34', 'Este es un resumen de prueba, no tiene significado alguno.', '/Ruta-de-prueba/archivo.pdf', 32, 1, 7),
	(35, '2019-01-13', 'Titulo 35', 'Este es un resumen de prueba, no tiene significado alguno.', '/Ruta-de-prueba/archivo.pdf', 21, 1, 8),
	(36, '2019-07-27', 'Titulo 36', 'Este es un resumen de prueba, no tiene significado alguno.', '/Ruta-de-prueba/archivo.pdf', 29, 2, 2),
	(37, '2019-12-18', 'Titulo 37', 'Este es un resumen de prueba, no tiene significado alguno.', '/Ruta-de-prueba/archivo.pdf', 27, 3, 4),
	(38, '2019-12-07', 'Titulo 38', 'Este es un resumen de prueba, no tiene significado alguno.', '/Ruta-de-prueba/archivo.pdf', 44, 2, 5),
	(39, '2019-11-02', 'Titulo 39', 'Este es un resumen de prueba, no tiene significado alguno.', '/Ruta-de-prueba/archivo.pdf', 40, 1, 4),
	(40, '2019-12-14', 'Titulo 40', 'Este es un resumen de prueba, no tiene significado alguno.', '/Ruta-de-prueba/archivo.pdf', 27, 1, 5),
	(41, '2019-03-17', 'Titulo 41', 'Este es un resumen de prueba, no tiene significado alguno.', '/Ruta-de-prueba/archivo.pdf', 44, 1, 3),
	(42, '2019-07-04', 'Titulo 42', 'Este es un resumen de prueba, no tiene significado alguno.', '/Ruta-de-prueba/archivo.pdf', 25, 1, 1),
	(43, '2019-04-12', 'Titulo 43', 'Este es un resumen de prueba, no tiene significado alguno.', '/Ruta-de-prueba/archivo.pdf', 25, 3, 8),
	(44, '2019-06-25', 'Titulo 44', 'Este es un resumen de prueba, no tiene significado alguno.', '/Ruta-de-prueba/archivo.pdf', 30, 4, 5),
	(45, '2019-10-02', 'Titulo 45', 'Este es un resumen de prueba, no tiene significado alguno.', '/Ruta-de-prueba/archivo.pdf', 5, 2, 1),
	(46, '2019-02-08', 'Titulo 46', 'Este es un resumen de prueba, no tiene significado alguno.', '/Ruta-de-prueba/archivo.pdf', 6, 5, 1),
	(47, '2019-11-05', 'Titulo 47', 'Este es un resumen de prueba, no tiene significado alguno.', '/Ruta-de-prueba/archivo.pdf', 49, 4, 3),
	(48, '2019-12-14', 'Titulo 48', 'Este es un resumen de prueba, no tiene significado alguno.', '/Ruta-de-prueba/archivo.pdf', 1, 5, 7),
	(49, '2019-01-14', 'Titulo 49', 'Este es un resumen de prueba, no tiene significado alguno.', '/Ruta-de-prueba/archivo.pdf', 40, 1, 8),
	(50, '2019-11-01', 'Titulo 50', 'Este es un resumen de prueba no tiene significado alguno', '/Ruta-de-prueba/archivo.pdf', 32, 5, 2);
/*!40000 ALTER TABLE `archivorepo` ENABLE KEYS */;

-- Dumping structure for table modelosin.calificacion
CREATE TABLE IF NOT EXISTS `calificacion` (
  `idCalificacion` int(11) NOT NULL AUTO_INCREMENT,
  `calificacion` int(11) NOT NULL,
  PRIMARY KEY (`idCalificacion`)
) ENGINE=InnoDB AUTO_INCREMENT=6 DEFAULT CHARSET=utf8 COLLATE=utf8_unicode_ci;

-- Dumping data for table modelosin.calificacion: ~5 rows (approximately)
/*!40000 ALTER TABLE `calificacion` DISABLE KEYS */;
INSERT INTO `calificacion` (`idCalificacion`, `calificacion`) VALUES
	(1, 1),
	(2, 2),
	(3, 3),
	(4, 4),
	(5, 5);
/*!40000 ALTER TABLE `calificacion` ENABLE KEYS */;

-- Dumping structure for table modelosin.ciudad
CREATE TABLE IF NOT EXISTS `ciudad` (
  `idCiudad` int(11) NOT NULL AUTO_INCREMENT,
  `nombre` varchar(45) COLLATE utf8_unicode_ci NOT NULL,
  PRIMARY KEY (`idCiudad`)
) ENGINE=InnoDB AUTO_INCREMENT=10 DEFAULT CHARSET=utf8 COLLATE=utf8_unicode_ci;

-- Dumping data for table modelosin.ciudad: ~9 rows (approximately)
/*!40000 ALTER TABLE `ciudad` DISABLE KEYS */;
INSERT INTO `ciudad` (`idCiudad`, `nombre`) VALUES
	(1, 'Lima'),
	(2, 'Arequipa'),
	(3, 'Trujillo'),
	(4, 'Cusco'),
	(5, 'Iquitos'),
	(6, 'Piura'),
	(7, 'Chimbote'),
	(8, 'Huancayo'),
	(9, 'Tacna');
/*!40000 ALTER TABLE `ciudad` ENABLE KEYS */;

-- Dumping structure for table modelosin.genero
CREATE TABLE IF NOT EXISTS `genero` (
  `idGenero` int(11) NOT NULL AUTO_INCREMENT,
  `nombre` varchar(10) COLLATE utf8_unicode_ci NOT NULL,
  PRIMARY KEY (`idGenero`)
) ENGINE=InnoDB AUTO_INCREMENT=4 DEFAULT CHARSET=utf8 COLLATE=utf8_unicode_ci;

-- Dumping data for table modelosin.genero: ~3 rows (approximately)
/*!40000 ALTER TABLE `genero` DISABLE KEYS */;
INSERT INTO `genero` (`idGenero`, `nombre`) VALUES
	(1, 'Masculino'),
	(2, 'Femenino'),
	(3, 'Otros');
/*!40000 ALTER TABLE `genero` ENABLE KEYS */;

-- Dumping structure for table modelosin.post
CREATE TABLE IF NOT EXISTS `post` (
  `idPost` int(11) NOT NULL AUTO_INCREMENT,
  `fechaPublicacion` datetime NOT NULL,
  `titulo` varchar(20) COLLATE utf8_unicode_ci NOT NULL,
  `texto` text COLLATE utf8_unicode_ci NOT NULL,
  `archivoAdjunto` varchar(100) COLLATE utf8_unicode_ci DEFAULT NULL,
  `imagenAdjunta` varchar(100) COLLATE utf8_unicode_ci DEFAULT NULL,
  `Topico_idTopico` int(11) NOT NULL,
  `Usuario_idUsuario` int(11) NOT NULL,
  PRIMARY KEY (`idPost`),
  KEY `fk_Post_Topico1_idx` (`Topico_idTopico`),
  KEY `fk_Post_Usuario1_idx` (`Usuario_idUsuario`),
  CONSTRAINT `fk_Post_Topico1` FOREIGN KEY (`Topico_idTopico`) REFERENCES `topico` (`idTopico`) ON DELETE NO ACTION ON UPDATE NO ACTION,
  CONSTRAINT `fk_Post_Usuario1` FOREIGN KEY (`Usuario_idUsuario`) REFERENCES `usuario` (`idUsuario`) ON DELETE NO ACTION ON UPDATE NO ACTION
) ENGINE=InnoDB AUTO_INCREMENT=108 DEFAULT CHARSET=utf8 COLLATE=utf8_unicode_ci;

-- Dumping data for table modelosin.post: ~107 rows (approximately)
/*!40000 ALTER TABLE `post` DISABLE KEYS */;
INSERT INTO `post` (`idPost`, `fechaPublicacion`, `titulo`, `texto`, `archivoAdjunto`, `imagenAdjunta`, `Topico_idTopico`, `Usuario_idUsuario`) VALUES
	(1, '2019-03-10 08:30:00', 'Cuanto es 1 + 1?', 'No se que decir no se que decir no se que decir no se que decir no se que decir no se que decir', NULL, NULL, 3, 40),
	(2, '2019-03-05 12:15:00', 'Cuanto es 1 + 1?', 'No se que decir no se que decir no se que decir no se que decir no se que decir no se que decir', NULL, NULL, 7, 7),
	(3, '2019-02-11 16:22:00', 'Cuanto es 1 + 1?', 'No se que decir no se que decir no se que decir no se que decir no se que decir no se que decir', NULL, NULL, 6, 8),
	(4, '2019-05-01 08:07:00', 'Cuanto es 1 + 1?', 'No se que decir no se que decir no se que decir no se que decir no se que decir no se que decir', NULL, NULL, 7, 23),
	(5, '2019-01-03 04:38:00', 'Cuanto es 1 + 1?', 'No se que decir no se que decir no se que decir no se que decir no se que decir no se que decir', NULL, NULL, 2, 42),
	(6, '2019-02-10 12:59:00', 'Cuanto es 1 + 1?', 'No se que decir no se que decir no se que decir no se que decir no se que decir no se que decir', NULL, NULL, 7, 12),
	(7, '2019-01-04 17:03:00', 'Cuanto es 1 + 1?', 'No se que decir no se que decir no se que decir no se que decir no se que decir no se que decir', NULL, NULL, 8, 7),
	(8, '2019-02-02 05:24:00', 'Cuanto es 1 + 1?', 'No se que decir no se que decir no se que decir no se que decir no se que decir no se que decir', NULL, NULL, 6, 33),
	(9, '2019-03-08 11:18:00', 'Cuanto es 1 + 1?', 'No se que decir no se que decir no se que decir no se que decir no se que decir no se que decir', NULL, NULL, 1, 5),
	(10, '2019-01-09 13:25:00', 'Cuanto es 1 + 1?', 'No se que decir no se que decir no se que decir no se que decir no se que decir no se que decir', NULL, NULL, 7, 33),
	(11, '2019-03-01 15:10:00', 'Cuanto es 1 + 1?', 'No se que decir no se que decir no se que decir no se que decir no se que decir no se que decir', NULL, NULL, 7, 37),
	(12, '2019-01-11 16:07:00', 'Cuanto es 1 + 1?', 'No se que decir no se que decir no se que decir no se que decir no se que decir no se que decir', NULL, NULL, 6, 19),
	(13, '2019-03-10 04:32:00', 'Cuanto es 1 + 1?', 'No se que decir no se que decir no se que decir no se que decir no se que decir no se que decir', NULL, NULL, 7, 20),
	(14, '2019-05-03 08:23:00', 'Cuanto es 1 + 1?', 'No se que decir no se que decir no se que decir no se que decir no se que decir no se que decir', NULL, NULL, 4, 37),
	(15, '2019-06-09 03:13:00', 'Cuanto es 1 + 1?', 'No se que decir no se que decir no se que decir no se que decir no se que decir no se que decir', NULL, NULL, 4, 20),
	(16, '2019-01-09 15:01:00', 'Cuanto es 1 + 1?', 'No se que decir no se que decir no se que decir no se que decir no se que decir no se que decir', NULL, NULL, 3, 40),
	(17, '2019-01-08 11:24:00', 'Cuanto es 1 + 1?', 'No se que decir no se que decir no se que decir no se que decir no se que decir no se que decir', NULL, NULL, 2, 50),
	(18, '2019-01-09 01:06:00', 'Cuanto es 1 + 1?', 'No se que decir no se que decir no se que decir no se que decir no se que decir no se que decir', NULL, NULL, 5, 13),
	(19, '2019-02-04 05:51:00', 'Cuanto es 1 + 1?', 'No se que decir no se que decir no se que decir no se que decir no se que decir no se que decir', NULL, NULL, 7, 26),
	(20, '2019-06-11 16:09:00', 'Cuanto es 1 + 1?', 'No se que decir no se que decir no se que decir no se que decir no se que decir no se que decir', NULL, NULL, 4, 44),
	(21, '2019-02-01 19:29:00', 'Cuanto es 1 + 1?', 'No se que decir no se que decir no se que decir no se que decir no se que decir no se que decir', NULL, NULL, 3, 46),
	(22, '2019-03-07 00:45:00', 'Cuanto es 1 + 1?', 'No se que decir no se que decir no se que decir no se que decir no se que decir no se que decir', NULL, NULL, 7, 26),
	(23, '2019-01-02 00:24:00', 'Cuanto es 1 + 1?', 'No se que decir no se que decir no se que decir no se que decir no se que decir no se que decir', NULL, NULL, 3, 14),
	(24, '2019-04-03 17:16:00', 'Cuanto es 1 + 1?', 'No se que decir no se que decir no se que decir no se que decir no se que decir no se que decir', NULL, NULL, 7, 50),
	(25, '2019-02-10 02:44:00', 'Cuanto es 1 + 1?', 'No se que decir no se que decir no se que decir no se que decir no se que decir no se que decir', NULL, NULL, 6, 31),
	(26, '2019-01-06 20:23:00', 'Cuanto es 1 + 1?', 'No se que decir no se que decir no se que decir no se que decir no se que decir no se que decir', NULL, NULL, 2, 20),
	(27, '2019-03-05 08:23:00', 'Cuanto es 1 + 1?', 'No se que decir no se que decir no se que decir no se que decir no se que decir no se que decir', NULL, NULL, 8, 13),
	(28, '2019-02-07 04:46:00', 'Cuanto es 1 + 1?', 'No se que decir no se que decir no se que decir no se que decir no se que decir no se que decir', NULL, NULL, 1, 35),
	(29, '2019-02-07 09:23:00', 'Cuanto es 1 + 1?', 'No se que decir no se que decir no se que decir no se que decir no se que decir no se que decir', NULL, NULL, 8, 23),
	(30, '2019-06-10 00:30:00', 'Cuanto es 1 + 1?', 'No se que decir no se que decir no se que decir no se que decir no se que decir no se que decir', NULL, NULL, 1, 31),
	(31, '2019-06-06 14:28:00', 'Cuanto es 1 + 1?', 'No se que decir no se que decir no se que decir no se que decir no se que decir no se que decir', NULL, NULL, 3, 41),
	(32, '2019-05-04 00:15:00', 'Cuanto es 1 + 1?', 'No se que decir no se que decir no se que decir no se que decir no se que decir no se que decir', NULL, NULL, 1, 20),
	(33, '2019-02-08 23:49:00', 'Cuanto es 1 + 1?', 'No se que decir no se que decir no se que decir no se que decir no se que decir no se que decir', NULL, NULL, 3, 30),
	(34, '2019-01-04 11:28:00', 'Cuanto es 1 + 1?', 'No se que decir no se que decir no se que decir no se que decir no se que decir no se que decir', NULL, NULL, 3, 20),
	(35, '2019-01-10 19:17:00', 'Cuanto es 1 + 1?', 'No se que decir no se que decir no se que decir no se que decir no se que decir no se que decir', NULL, NULL, 7, 45),
	(36, '2019-05-06 08:57:00', 'Cuanto es 1 + 1?', 'No se que decir no se que decir no se que decir no se que decir no se que decir no se que decir', NULL, NULL, 7, 3),
	(37, '2019-04-05 12:32:00', 'Cuanto es 1 + 1?', 'No se que decir no se que decir no se que decir no se que decir no se que decir no se que decir', NULL, NULL, 1, 7),
	(38, '2019-05-09 19:51:00', 'Cuanto es 1 + 1?', 'No se que decir no se que decir no se que decir no se que decir no se que decir no se que decir', NULL, NULL, 6, 40),
	(39, '2019-02-12 14:34:00', 'Cuanto es 1 + 1?', 'No se que decir no se que decir no se que decir no se que decir no se que decir no se que decir', NULL, NULL, 7, 9),
	(40, '2019-04-11 01:59:00', 'Cuanto es 1 + 1?', 'No se que decir no se que decir no se que decir no se que decir no se que decir no se que decir', NULL, NULL, 6, 48),
	(41, '2019-04-06 23:03:00', 'Cuanto es 1 + 1?', 'No se que decir no se que decir no se que decir no se que decir no se que decir no se que decir', NULL, NULL, 8, 5),
	(42, '2019-06-02 01:27:00', 'Cuanto es 1 + 1?', 'No se que decir no se que decir no se que decir no se que decir no se que decir no se que decir', NULL, NULL, 5, 41),
	(43, '2019-05-04 10:16:00', 'Cuanto es 1 + 1?', 'No se que decir no se que decir no se que decir no se que decir no se que decir no se que decir', NULL, NULL, 8, 13),
	(44, '2019-02-12 18:12:00', 'Cuanto es 1 + 1?', 'No se que decir no se que decir no se que decir no se que decir no se que decir no se que decir', NULL, NULL, 3, 6),
	(45, '2019-02-12 10:12:00', 'Cuanto es 1 + 1?', 'No se que decir no se que decir no se que decir no se que decir no se que decir no se que decir', NULL, NULL, 8, 27),
	(46, '2019-04-09 01:10:00', 'Cuanto es 1 + 1?', 'No se que decir no se que decir no se que decir no se que decir no se que decir no se que decir', NULL, NULL, 3, 9),
	(47, '2019-02-12 19:41:00', 'Cuanto es 1 + 1?', 'No se que decir no se que decir no se que decir no se que decir no se que decir no se que decir', NULL, NULL, 6, 5),
	(48, '2019-01-01 22:26:00', 'Cuanto es 1 + 1?', 'No se que decir no se que decir no se que decir no se que decir no se que decir no se que decir', NULL, NULL, 3, 25),
	(49, '2019-02-11 15:19:00', 'Cuanto es 1 + 1?', 'No se que decir no se que decir no se que decir no se que decir no se que decir no se que decir', NULL, NULL, 6, 41),
	(50, '2019-05-10 20:16:00', 'Cuanto es 1 + 1?', 'No se que decir no se que decir no se que decir no se que decir no se que decir no se que decir', NULL, NULL, 7, 41),
	(51, '2019-02-04 03:01:00', 'Cuanto es 1 + 1?', 'No se que decir no se que decir no se que decir no se que decir no se que decir no se que decir', NULL, NULL, 1, 5),
	(52, '2019-01-07 09:19:00', 'Cuanto es 1 + 1?', 'No se que decir no se que decir no se que decir no se que decir no se que decir no se que decir', NULL, NULL, 3, 31),
	(53, '2019-02-03 05:18:00', 'Cuanto es 1 + 1?', 'No se que decir no se que decir no se que decir no se que decir no se que decir no se que decir', NULL, NULL, 7, 37),
	(54, '2019-01-04 17:17:00', 'Cuanto es 1 + 1?', 'No se que decir no se que decir no se que decir no se que decir no se que decir no se que decir', NULL, NULL, 1, 28),
	(55, '2019-01-12 11:27:00', 'Cuanto es 1 + 1?', 'No se que decir no se que decir no se que decir no se que decir no se que decir no se que decir', NULL, NULL, 3, 3),
	(56, '2019-04-02 02:53:00', 'Cuanto es 1 + 1?', 'No se que decir no se que decir no se que decir no se que decir no se que decir no se que decir', NULL, NULL, 2, 5),
	(57, '2019-04-05 07:56:00', 'Cuanto es 1 + 1?', 'No se que decir no se que decir no se que decir no se que decir no se que decir no se que decir', NULL, NULL, 6, 39),
	(58, '2019-02-06 06:16:00', 'Cuanto es 1 + 1?', 'No se que decir no se que decir no se que decir no se que decir no se que decir no se que decir', NULL, NULL, 1, 46),
	(59, '2019-03-02 03:26:00', 'Cuanto es 1 + 1?', 'No se que decir no se que decir no se que decir no se que decir no se que decir no se que decir', NULL, NULL, 4, 1),
	(60, '2019-05-10 08:52:00', 'Cuanto es 1 + 1?', 'No se que decir no se que decir no se que decir no se que decir no se que decir no se que decir', NULL, NULL, 3, 27),
	(61, '2019-01-11 22:32:00', 'Cuanto es 1 + 1?', 'No se que decir no se que decir no se que decir no se que decir no se que decir no se que decir', NULL, NULL, 1, 18),
	(62, '2019-02-10 13:24:00', 'Cuanto es 1 + 1?', 'No se que decir no se que decir no se que decir no se que decir no se que decir no se que decir', NULL, NULL, 8, 49),
	(63, '2019-02-03 15:14:00', 'Cuanto es 1 + 1?', 'No se que decir no se que decir no se que decir no se que decir no se que decir no se que decir', NULL, NULL, 2, 46),
	(64, '2019-02-06 16:33:00', 'Cuanto es 1 + 1?', 'No se que decir no se que decir no se que decir no se que decir no se que decir no se que decir', NULL, NULL, 7, 38),
	(65, '2019-06-08 18:22:00', 'Cuanto es 1 + 1?', 'No se que decir no se que decir no se que decir no se que decir no se que decir no se que decir', NULL, NULL, 2, 24),
	(66, '2019-02-01 17:22:00', 'Cuanto es 1 + 1?', 'No se que decir no se que decir no se que decir no se que decir no se que decir no se que decir', NULL, NULL, 6, 20),
	(67, '2019-02-09 00:59:00', 'Cuanto es 1 + 1?', 'No se que decir no se que decir no se que decir no se que decir no se que decir no se que decir', NULL, NULL, 2, 6),
	(68, '2019-06-10 19:49:00', 'Cuanto es 1 + 1?', 'No se que decir no se que decir no se que decir no se que decir no se que decir no se que decir', NULL, NULL, 1, 32),
	(69, '2019-03-05 15:15:00', 'Cuanto es 1 + 1?', 'No se que decir no se que decir no se que decir no se que decir no se que decir no se que decir', NULL, NULL, 5, 19),
	(70, '2019-05-05 01:29:00', 'Cuanto es 1 + 1?', 'No se que decir no se que decir no se que decir no se que decir no se que decir no se que decir', NULL, NULL, 3, 20),
	(71, '2019-03-11 01:56:00', 'Cuanto es 1 + 1?', 'No se que decir no se que decir no se que decir no se que decir no se que decir no se que decir', NULL, NULL, 6, 28),
	(72, '2019-04-05 04:52:00', 'Cuanto es 1 + 1?', 'No se que decir no se que decir no se que decir no se que decir no se que decir no se que decir', NULL, NULL, 3, 6),
	(73, '2019-06-12 21:55:00', 'Cuanto es 1 + 1?', 'No se que decir no se que decir no se que decir no se que decir no se que decir no se que decir', NULL, NULL, 1, 7),
	(74, '2019-02-06 21:05:00', 'Cuanto es 1 + 1?', 'No se que decir no se que decir no se que decir no se que decir no se que decir no se que decir', NULL, NULL, 6, 36),
	(75, '2019-03-02 00:16:00', 'Cuanto es 1 + 1?', 'No se que decir no se que decir no se que decir no se que decir no se que decir no se que decir', NULL, NULL, 8, 18),
	(76, '2019-06-08 04:44:00', 'Cuanto es 1 + 1?', 'No se que decir no se que decir no se que decir no se que decir no se que decir no se que decir', NULL, NULL, 1, 16),
	(77, '2019-03-10 17:43:00', 'Cuanto es 1 + 1?', 'No se que decir no se que decir no se que decir no se que decir no se que decir no se que decir', NULL, NULL, 8, 41),
	(78, '2019-02-10 11:39:00', 'Cuanto es 1 + 1?', 'No se que decir no se que decir no se que decir no se que decir no se que decir no se que decir', NULL, NULL, 3, 22),
	(79, '2019-02-04 02:02:00', 'Cuanto es 1 + 1?', 'No se que decir no se que decir no se que decir no se que decir no se que decir no se que decir', NULL, NULL, 8, 26),
	(80, '2019-03-04 18:21:00', 'Cuanto es 1 + 1?', 'No se que decir no se que decir no se que decir no se que decir no se que decir no se que decir', NULL, NULL, 2, 9),
	(81, '2019-01-09 18:35:00', 'Cuanto es 1 + 1?', 'No se que decir no se que decir no se que decir no se que decir no se que decir no se que decir', NULL, NULL, 3, 11),
	(82, '2019-03-09 15:30:00', 'Cuanto es 1 + 1?', 'No se que decir no se que decir no se que decir no se que decir no se que decir no se que decir', NULL, NULL, 3, 16),
	(83, '2019-02-09 12:45:00', 'Cuanto es 1 + 1?', 'No se que decir no se que decir no se que decir no se que decir no se que decir no se que decir', NULL, NULL, 7, 1),
	(84, '2019-01-09 15:55:00', 'Cuanto es 1 + 1?', 'No se que decir no se que decir no se que decir no se que decir no se que decir no se que decir', NULL, NULL, 8, 47),
	(85, '2019-05-05 11:51:00', 'Cuanto es 1 + 1?', 'No se que decir no se que decir no se que decir no se que decir no se que decir no se que decir', NULL, NULL, 4, 37),
	(86, '2019-06-12 17:38:00', 'Cuanto es 1 + 1?', 'No se que decir no se que decir no se que decir no se que decir no se que decir no se que decir', NULL, NULL, 6, 31),
	(87, '2019-04-08 12:38:00', 'Cuanto es 1 + 1?', 'No se que decir no se que decir no se que decir no se que decir no se que decir no se que decir', NULL, NULL, 7, 46),
	(88, '2019-06-12 12:07:00', 'Cuanto es 1 + 1?', 'No se que decir no se que decir no se que decir no se que decir no se que decir no se que decir', NULL, NULL, 2, 13),
	(89, '2019-04-10 21:49:00', 'Cuanto es 1 + 1?', 'No se que decir no se que decir no se que decir no se que decir no se que decir no se que decir', NULL, NULL, 3, 30),
	(90, '2019-05-10 14:20:00', 'Cuanto es 1 + 1?', 'No se que decir no se que decir no se que decir no se que decir no se que decir no se que decir', NULL, NULL, 2, 13),
	(91, '2019-02-09 00:52:00', 'Cuanto es 1 + 1?', 'No se que decir no se que decir no se que decir no se que decir no se que decir no se que decir', NULL, NULL, 2, 36),
	(92, '2019-06-08 17:38:00', 'Cuanto es 1 + 1?', 'No se que decir no se que decir no se que decir no se que decir no se que decir no se que decir', NULL, NULL, 8, 24),
	(93, '2019-05-02 04:16:00', 'Cuanto es 1 + 1?', 'No se que decir no se que decir no se que decir no se que decir no se que decir no se que decir', NULL, NULL, 3, 13),
	(94, '2019-06-12 14:04:00', 'Cuanto es 1 + 1?', 'No se que decir no se que decir no se que decir no se que decir no se que decir no se que decir', NULL, NULL, 7, 5),
	(95, '2019-03-05 07:25:00', 'Cuanto es 1 + 1?', 'No se que decir no se que decir no se que decir no se que decir no se que decir no se que decir', NULL, NULL, 7, 43),
	(96, '2019-06-04 01:07:00', 'Cuanto es 1 + 1?', 'No se que decir no se que decir no se que decir no se que decir no se que decir no se que decir', NULL, NULL, 4, 34),
	(97, '2019-06-11 23:25:00', 'Cuanto es 1 + 1?', 'No se que decir no se que decir no se que decir no se que decir no se que decir no se que decir', NULL, NULL, 6, 33),
	(98, '2019-03-05 00:52:00', 'Cuanto es 1 + 1?', 'No se que decir no se que decir no se que decir no se que decir no se que decir no se que decir', NULL, NULL, 2, 31),
	(99, '2019-05-05 00:13:00', 'Cuanto es 1 + 1?', 'No se que decir no se que decir no se que decir no se que decir no se que decir no se que decir', NULL, NULL, 2, 45),
	(100, '2019-01-04 01:50:00', 'Cuanto es 1 + 1?', 'No se que decir no se que decir no se que decir no se que decir no se que decir no se que decir', NULL, NULL, 7, 14),
	(101, '2019-06-16 00:34:08', 'Hola', 'XD', '', '', 5, 52),
	(102, '2019-06-16 00:37:21', 'Adios', 'XDD', '', '', 4, 52),
	(103, '2019-06-16 00:39:01', 'Holis', 'sadasdasdasdasd', '', '', 4, 52),
	(104, '2019-06-16 00:39:02', 'Holis', 'sadasdasdasdasd', '', '', 4, 52),
	(105, '2019-06-16 00:39:28', 'sadasdas', 'sdasdasd', '', '', 3, 52),
	(106, '2019-06-15 17:52:16', 'Nueva pregunta', 'sahdilajsdilajsdlijasd', '', '', 8, 52),
	(107, '2019-06-17 00:03:40', 'Nueva pregunta', 'ihughuhkuhkuhkuh', '', '', 1, 52);
/*!40000 ALTER TABLE `post` ENABLE KEYS */;

-- Dumping structure for table modelosin.respuesta
CREATE TABLE IF NOT EXISTS `respuesta` (
  `idRespuesta` int(11) NOT NULL AUTO_INCREMENT,
  `fechaPublicacion` datetime NOT NULL,
  `texto` text COLLATE utf8_unicode_ci NOT NULL,
  `archivoAdjunto` varchar(100) COLLATE utf8_unicode_ci DEFAULT NULL,
  `imagenAdjunta` varchar(100) COLLATE utf8_unicode_ci DEFAULT NULL,
  `Calificacion_idCalificacion` int(11) NOT NULL,
  `Usuario_idUsuario` int(11) NOT NULL,
  `Post_idPost` int(11) NOT NULL,
  PRIMARY KEY (`idRespuesta`),
  KEY `fk_Repuestas_Calificacion1_idx` (`Calificacion_idCalificacion`),
  KEY `fk_Repuestas_Usuario1_idx` (`Usuario_idUsuario`),
  KEY `fk_Repuestas_Post1_idx` (`Post_idPost`),
  CONSTRAINT `fk_Repuestas_Calificacion1` FOREIGN KEY (`Calificacion_idCalificacion`) REFERENCES `calificacion` (`idCalificacion`) ON DELETE NO ACTION ON UPDATE NO ACTION,
  CONSTRAINT `fk_Repuestas_Post1` FOREIGN KEY (`Post_idPost`) REFERENCES `post` (`idPost`) ON DELETE NO ACTION ON UPDATE NO ACTION,
  CONSTRAINT `fk_Repuestas_Usuario1` FOREIGN KEY (`Usuario_idUsuario`) REFERENCES `usuario` (`idUsuario`) ON DELETE NO ACTION ON UPDATE NO ACTION
) ENGINE=InnoDB AUTO_INCREMENT=255 DEFAULT CHARSET=utf8 COLLATE=utf8_unicode_ci;

-- Dumping data for table modelosin.respuesta: ~254 rows (approximately)
/*!40000 ALTER TABLE `respuesta` DISABLE KEYS */;
INSERT INTO `respuesta` (`idRespuesta`, `fechaPublicacion`, `texto`, `archivoAdjunto`, `imagenAdjunta`, `Calificacion_idCalificacion`, `Usuario_idUsuario`, `Post_idPost`) VALUES
	(1, '2019-06-12 18:51:00', 'Nose que decir no se que decir no se que decir no se que decir', NULL, NULL, 3, 48, 60),
	(2, '2019-03-02 02:48:00', 'Nose que decir no se que decir no se que decir no se que decir', NULL, NULL, 1, 11, 88),
	(3, '2019-01-06 20:34:00', 'Nose que decir no se que decir no se que decir no se que decir', NULL, NULL, 3, 30, 29),
	(4, '2019-06-08 18:40:00', 'Nose que decir no se que decir no se que decir no se que decir', NULL, NULL, 1, 45, 11),
	(5, '2019-05-12 15:02:00', 'Nose que decir no se que decir no se que decir no se que decir', NULL, NULL, 1, 25, 86),
	(6, '2019-06-03 21:43:00', 'Nose que decir no se que decir no se que decir no se que decir', NULL, NULL, 4, 33, 40),
	(7, '2019-06-04 17:44:00', 'Nose que decir no se que decir no se que decir no se que decir', NULL, NULL, 3, 35, 83),
	(8, '2019-06-08 13:17:00', 'Nose que decir no se que decir no se que decir no se que decir', NULL, NULL, 2, 36, 6),
	(9, '2019-05-07 01:49:00', 'Nose que decir no se que decir no se que decir no se que decir', NULL, NULL, 3, 39, 97),
	(10, '2019-02-12 10:28:00', 'Nose que decir no se que decir no se que decir no se que decir', NULL, NULL, 5, 35, 23),
	(11, '2019-01-02 21:51:00', 'Nose que decir no se que decir no se que decir no se que decir', NULL, NULL, 1, 21, 12),
	(12, '2019-01-06 14:17:00', 'Nose que decir no se que decir no se que decir no se que decir', NULL, NULL, 2, 36, 78),
	(13, '2019-01-02 03:55:00', 'Nose que decir no se que decir no se que decir no se que decir', NULL, NULL, 4, 37, 5),
	(14, '2019-01-02 02:47:00', 'Nose que decir no se que decir no se que decir no se que decir', NULL, NULL, 3, 9, 37),
	(15, '2019-02-05 04:35:00', 'Nose que decir no se que decir no se que decir no se que decir', NULL, NULL, 2, 16, 29),
	(16, '2019-01-06 00:58:00', 'Nose que decir no se que decir no se que decir no se que decir', NULL, NULL, 4, 21, 34),
	(17, '2019-01-07 15:29:00', 'Nose que decir no se que decir no se que decir no se que decir', NULL, NULL, 1, 8, 35),
	(18, '2019-06-07 21:47:00', 'Nose que decir no se que decir no se que decir no se que decir', NULL, NULL, 5, 41, 100),
	(19, '2019-02-03 04:25:00', 'Nose que decir no se que decir no se que decir no se que decir', NULL, NULL, 1, 42, 13),
	(20, '2019-05-11 00:28:00', 'Nose que decir no se que decir no se que decir no se que decir', NULL, NULL, 3, 14, 30),
	(21, '2019-04-11 01:31:00', 'Nose que decir no se que decir no se que decir no se que decir', NULL, NULL, 5, 42, 5),
	(22, '2019-05-02 13:22:00', 'Nose que decir no se que decir no se que decir no se que decir', NULL, NULL, 4, 42, 90),
	(23, '2019-03-07 22:24:00', 'Nose que decir no se que decir no se que decir no se que decir', NULL, NULL, 3, 45, 58),
	(24, '2019-04-03 11:48:00', 'Nose que decir no se que decir no se que decir no se que decir', NULL, NULL, 3, 16, 13),
	(25, '2019-02-06 08:29:00', 'Nose que decir no se que decir no se que decir no se que decir', NULL, NULL, 2, 43, 86),
	(26, '2019-03-11 15:42:00', 'Nose que decir no se que decir no se que decir no se que decir', NULL, NULL, 2, 23, 9),
	(27, '2019-06-03 06:03:00', 'Nose que decir no se que decir no se que decir no se que decir', NULL, NULL, 3, 3, 96),
	(28, '2019-05-07 22:10:00', 'Nose que decir no se que decir no se que decir no se que decir', NULL, NULL, 5, 15, 19),
	(29, '2019-05-07 13:56:00', 'Nose que decir no se que decir no se que decir no se que decir', NULL, NULL, 1, 48, 96),
	(30, '2019-05-07 23:57:00', 'Nose que decir no se que decir no se que decir no se que decir', NULL, NULL, 4, 20, 59),
	(31, '2019-05-12 21:05:00', 'Nose que decir no se que decir no se que decir no se que decir', NULL, NULL, 4, 3, 50),
	(32, '2019-03-01 00:57:00', 'Nose que decir no se que decir no se que decir no se que decir', NULL, NULL, 5, 31, 40),
	(33, '2019-04-03 09:45:00', 'Nose que decir no se que decir no se que decir no se que decir', NULL, NULL, 1, 48, 88),
	(34, '2019-04-10 21:12:00', 'Nose que decir no se que decir no se que decir no se que decir', NULL, NULL, 1, 48, 80),
	(35, '2019-04-03 04:40:00', 'Nose que decir no se que decir no se que decir no se que decir', NULL, NULL, 1, 48, 3),
	(36, '2019-06-10 13:56:00', 'Nose que decir no se que decir no se que decir no se que decir', NULL, NULL, 2, 40, 13),
	(37, '2019-03-01 16:00:00', 'Nose que decir no se que decir no se que decir no se que decir', NULL, NULL, 1, 36, 68),
	(38, '2019-04-10 23:38:00', 'Nose que decir no se que decir no se que decir no se que decir', NULL, NULL, 1, 28, 20),
	(39, '2019-04-02 19:06:00', 'Nose que decir no se que decir no se que decir no se que decir', NULL, NULL, 5, 30, 43),
	(40, '2019-02-09 11:57:00', 'Nose que decir no se que decir no se que decir no se que decir', NULL, NULL, 1, 7, 56),
	(41, '2019-01-07 06:12:00', 'Nose que decir no se que decir no se que decir no se que decir', NULL, NULL, 1, 44, 89),
	(42, '2019-06-03 09:14:00', 'Nose que decir no se que decir no se que decir no se que decir', NULL, NULL, 2, 47, 19),
	(43, '2019-01-03 06:26:00', 'Nose que decir no se que decir no se que decir no se que decir', NULL, NULL, 4, 38, 65),
	(44, '2019-01-06 18:36:00', 'Nose que decir no se que decir no se que decir no se que decir', NULL, NULL, 3, 2, 61),
	(45, '2019-06-09 06:58:00', 'Nose que decir no se que decir no se que decir no se que decir', NULL, NULL, 3, 18, 87),
	(46, '2019-06-03 05:45:00', 'Nose que decir no se que decir no se que decir no se que decir', NULL, NULL, 2, 10, 27),
	(47, '2019-01-06 12:18:00', 'Nose que decir no se que decir no se que decir no se que decir', NULL, NULL, 2, 30, 41),
	(48, '2019-04-05 16:11:00', 'Nose que decir no se que decir no se que decir no se que decir', NULL, NULL, 1, 36, 17),
	(49, '2019-02-12 14:37:00', 'Nose que decir no se que decir no se que decir no se que decir', NULL, NULL, 1, 28, 67),
	(50, '2019-03-11 19:26:00', 'Nose que decir no se que decir no se que decir no se que decir', NULL, NULL, 4, 22, 38),
	(51, '2019-03-12 03:37:00', 'Nose que decir no se que decir no se que decir no se que decir', NULL, NULL, 1, 46, 43),
	(52, '2019-05-04 23:37:00', 'Nose que decir no se que decir no se que decir no se que decir', NULL, NULL, 5, 22, 13),
	(53, '2019-05-03 14:02:00', 'Nose que decir no se que decir no se que decir no se que decir', NULL, NULL, 5, 10, 91),
	(54, '2019-01-11 07:40:00', 'Nose que decir no se que decir no se que decir no se que decir', NULL, NULL, 4, 34, 12),
	(55, '2019-01-03 12:15:00', 'Nose que decir no se que decir no se que decir no se que decir', NULL, NULL, 3, 41, 64),
	(56, '2019-01-02 00:47:00', 'Nose que decir no se que decir no se que decir no se que decir', NULL, NULL, 5, 44, 61),
	(57, '2019-04-08 04:52:00', 'Nose que decir no se que decir no se que decir no se que decir', NULL, NULL, 5, 45, 48),
	(58, '2019-04-10 01:46:00', 'Nose que decir no se que decir no se que decir no se que decir', NULL, NULL, 4, 43, 47),
	(59, '2019-05-07 09:08:00', 'Nose que decir no se que decir no se que decir no se que decir', NULL, NULL, 4, 33, 49),
	(60, '2019-01-08 15:25:00', 'Nose que decir no se que decir no se que decir no se que decir', NULL, NULL, 4, 42, 54),
	(61, '2019-01-06 05:05:00', 'Nose que decir no se que decir no se que decir no se que decir', NULL, NULL, 2, 17, 74),
	(62, '2019-02-11 18:37:00', 'Nose que decir no se que decir no se que decir no se que decir', NULL, NULL, 3, 38, 29),
	(63, '2019-02-02 07:59:00', 'Nose que decir no se que decir no se que decir no se que decir', NULL, NULL, 4, 10, 17),
	(64, '2019-05-09 12:35:00', 'Nose que decir no se que decir no se que decir no se que decir', NULL, NULL, 4, 33, 24),
	(65, '2019-05-12 10:16:00', 'Nose que decir no se que decir no se que decir no se que decir', NULL, NULL, 1, 10, 92),
	(66, '2019-05-08 08:15:00', 'Nose que decir no se que decir no se que decir no se que decir', NULL, NULL, 1, 6, 95),
	(67, '2019-06-04 02:08:00', 'Nose que decir no se que decir no se que decir no se que decir', NULL, NULL, 3, 25, 28),
	(68, '2019-01-01 03:10:00', 'Nose que decir no se que decir no se que decir no se que decir', NULL, NULL, 2, 4, 38),
	(69, '2019-02-04 12:35:00', 'Nose que decir no se que decir no se que decir no se que decir', NULL, NULL, 1, 4, 34),
	(70, '2019-03-11 18:25:00', 'Nose que decir no se que decir no se que decir no se que decir', NULL, NULL, 3, 33, 33),
	(71, '2019-04-01 15:24:00', 'Nose que decir no se que decir no se que decir no se que decir', NULL, NULL, 4, 35, 50),
	(72, '2019-04-07 17:40:00', 'Nose que decir no se que decir no se que decir no se que decir', NULL, NULL, 3, 19, 72),
	(73, '2019-04-07 13:36:00', 'Nose que decir no se que decir no se que decir no se que decir', NULL, NULL, 2, 35, 67),
	(74, '2019-05-09 22:27:00', 'Nose que decir no se que decir no se que decir no se que decir', NULL, NULL, 3, 36, 12),
	(75, '2019-02-06 01:37:00', 'Nose que decir no se que decir no se que decir no se que decir', NULL, NULL, 2, 44, 31),
	(76, '2019-01-11 18:38:00', 'Nose que decir no se que decir no se que decir no se que decir', NULL, NULL, 4, 12, 40),
	(77, '2019-04-12 16:47:00', 'Nose que decir no se que decir no se que decir no se que decir', NULL, NULL, 5, 18, 19),
	(78, '2019-04-01 04:36:00', 'Nose que decir no se que decir no se que decir no se que decir', NULL, NULL, 2, 48, 28),
	(79, '2019-04-03 08:34:00', 'Nose que decir no se que decir no se que decir no se que decir', NULL, NULL, 5, 15, 33),
	(80, '2019-03-01 00:06:00', 'Nose que decir no se que decir no se que decir no se que decir', NULL, NULL, 2, 28, 55),
	(81, '2019-04-05 17:43:00', 'Nose que decir no se que decir no se que decir no se que decir', NULL, NULL, 2, 25, 17),
	(82, '2019-03-04 07:53:00', 'Nose que decir no se que decir no se que decir no se que decir', NULL, NULL, 2, 19, 15),
	(83, '2019-02-11 01:25:00', 'Nose que decir no se que decir no se que decir no se que decir', NULL, NULL, 3, 44, 20),
	(84, '2019-02-08 00:23:00', 'Nose que decir no se que decir no se que decir no se que decir', NULL, NULL, 3, 50, 80),
	(85, '2019-01-12 05:29:00', 'Nose que decir no se que decir no se que decir no se que decir', NULL, NULL, 3, 20, 57),
	(86, '2019-02-10 05:51:00', 'Nose que decir no se que decir no se que decir no se que decir', NULL, NULL, 3, 49, 100),
	(87, '2019-03-10 14:32:00', 'Nose que decir no se que decir no se que decir no se que decir', NULL, NULL, 4, 16, 63),
	(88, '2019-06-06 12:18:00', 'Nose que decir no se que decir no se que decir no se que decir', NULL, NULL, 3, 9, 35),
	(89, '2019-02-02 05:20:00', 'Nose que decir no se que decir no se que decir no se que decir', NULL, NULL, 2, 22, 40),
	(90, '2019-01-06 15:32:00', 'Nose que decir no se que decir no se que decir no se que decir', NULL, NULL, 2, 45, 79),
	(91, '2019-01-02 01:52:00', 'Nose que decir no se que decir no se que decir no se que decir', NULL, NULL, 2, 25, 87),
	(92, '2019-02-09 10:25:00', 'Nose que decir no se que decir no se que decir no se que decir', NULL, NULL, 5, 20, 31),
	(93, '2019-01-01 09:41:00', 'Nose que decir no se que decir no se que decir no se que decir', NULL, NULL, 3, 7, 9),
	(94, '2019-02-08 17:14:00', 'Nose que decir no se que decir no se que decir no se que decir', NULL, NULL, 3, 49, 17),
	(95, '2019-01-07 02:23:00', 'Nose que decir no se que decir no se que decir no se que decir', NULL, NULL, 1, 47, 34),
	(96, '2019-04-11 01:47:00', 'Nose que decir no se que decir no se que decir no se que decir', NULL, NULL, 1, 4, 8),
	(97, '2019-06-05 18:12:00', 'Nose que decir no se que decir no se que decir no se que decir', NULL, NULL, 1, 45, 87),
	(98, '2019-06-03 20:09:00', 'Nose que decir no se que decir no se que decir no se que decir', NULL, NULL, 4, 16, 19),
	(99, '2019-01-12 13:58:00', 'Nose que decir no se que decir no se que decir no se que decir', NULL, NULL, 1, 24, 81),
	(100, '2019-03-04 04:06:00', 'Nose que decir no se que decir no se que decir no se que decir', NULL, NULL, 2, 18, 1),
	(101, '2019-06-02 01:01:00', 'Nose que decir no se que decir no se que decir no se que decir', NULL, NULL, 3, 50, 48),
	(102, '2019-04-07 16:11:00', 'Nose que decir no se que decir no se que decir no se que decir', NULL, NULL, 4, 45, 80),
	(103, '2019-02-08 16:44:00', 'Nose que decir no se que decir no se que decir no se que decir', NULL, NULL, 1, 24, 85),
	(104, '2019-05-03 10:16:00', 'Nose que decir no se que decir no se que decir no se que decir', NULL, NULL, 4, 25, 50),
	(105, '2019-01-04 16:51:00', 'Nose que decir no se que decir no se que decir no se que decir', NULL, NULL, 3, 38, 21),
	(106, '2019-01-12 01:49:00', 'Nose que decir no se que decir no se que decir no se que decir', NULL, NULL, 3, 19, 94),
	(107, '2019-04-06 07:21:00', 'Nose que decir no se que decir no se que decir no se que decir', NULL, NULL, 5, 6, 100),
	(108, '2019-02-04 16:44:00', 'Nose que decir no se que decir no se que decir no se que decir', NULL, NULL, 5, 6, 85),
	(109, '2019-03-04 06:32:00', 'Nose que decir no se que decir no se que decir no se que decir', NULL, NULL, 2, 37, 32),
	(110, '2019-03-11 04:22:00', 'Nose que decir no se que decir no se que decir no se que decir', NULL, NULL, 4, 38, 22),
	(111, '2019-04-09 01:21:00', 'Nose que decir no se que decir no se que decir no se que decir', NULL, NULL, 4, 39, 72),
	(112, '2019-06-10 16:54:00', 'Nose que decir no se que decir no se que decir no se que decir', NULL, NULL, 2, 6, 78),
	(113, '2019-02-04 01:30:00', 'Nose que decir no se que decir no se que decir no se que decir', NULL, NULL, 1, 20, 35),
	(114, '2019-01-07 15:11:00', 'Nose que decir no se que decir no se que decir no se que decir', NULL, NULL, 1, 44, 67),
	(115, '2019-03-09 18:48:00', 'Nose que decir no se que decir no se que decir no se que decir', NULL, NULL, 4, 22, 56),
	(116, '2019-03-10 03:42:00', 'Nose que decir no se que decir no se que decir no se que decir', NULL, NULL, 5, 26, 36),
	(117, '2019-05-11 21:13:00', 'Nose que decir no se que decir no se que decir no se que decir', NULL, NULL, 2, 15, 32),
	(118, '2019-06-11 20:41:00', 'Nose que decir no se que decir no se que decir no se que decir', NULL, NULL, 3, 37, 61),
	(119, '2019-01-04 22:24:00', 'Nose que decir no se que decir no se que decir no se que decir', NULL, NULL, 1, 36, 37),
	(120, '2019-02-08 12:47:00', 'Nose que decir no se que decir no se que decir no se que decir', NULL, NULL, 1, 1, 72),
	(121, '2019-03-11 23:26:00', 'Nose que decir no se que decir no se que decir no se que decir', NULL, NULL, 1, 1, 30),
	(122, '2019-06-06 16:35:00', 'Nose que decir no se que decir no se que decir no se que decir', NULL, NULL, 4, 22, 94),
	(123, '2019-03-10 11:04:00', 'Nose que decir no se que decir no se que decir no se que decir', NULL, NULL, 5, 10, 12),
	(124, '2019-02-08 09:06:00', 'Nose que decir no se que decir no se que decir no se que decir', NULL, NULL, 2, 9, 29),
	(125, '2019-06-04 16:01:00', 'Nose que decir no se que decir no se que decir no se que decir', NULL, NULL, 2, 47, 56),
	(126, '2019-02-10 03:34:00', 'Nose que decir no se que decir no se que decir no se que decir', NULL, NULL, 4, 43, 42),
	(127, '2019-01-05 17:48:00', 'Nose que decir no se que decir no se que decir no se que decir', NULL, NULL, 1, 44, 72),
	(128, '2019-05-12 11:04:00', 'Nose que decir no se que decir no se que decir no se que decir', NULL, NULL, 3, 3, 81),
	(129, '2019-04-03 13:08:00', 'Nose que decir no se que decir no se que decir no se que decir', NULL, NULL, 3, 16, 12),
	(130, '2019-05-10 19:17:00', 'Nose que decir no se que decir no se que decir no se que decir', NULL, NULL, 5, 32, 79),
	(131, '2019-01-09 15:56:00', 'Nose que decir no se que decir no se que decir no se que decir', NULL, NULL, 5, 17, 55),
	(132, '2019-04-02 20:42:00', 'Nose que decir no se que decir no se que decir no se que decir', NULL, NULL, 5, 34, 87),
	(133, '2019-01-01 12:47:00', 'Nose que decir no se que decir no se que decir no se que decir', NULL, NULL, 1, 44, 88),
	(134, '2019-05-05 01:07:00', 'Nose que decir no se que decir no se que decir no se que decir', NULL, NULL, 4, 3, 82),
	(135, '2019-02-12 15:49:00', 'Nose que decir no se que decir no se que decir no se que decir', NULL, NULL, 4, 42, 30),
	(136, '2019-03-05 08:04:00', 'Nose que decir no se que decir no se que decir no se que decir', NULL, NULL, 5, 4, 22),
	(137, '2019-04-01 19:40:00', 'Nose que decir no se que decir no se que decir no se que decir', NULL, NULL, 4, 50, 80),
	(138, '2019-05-02 15:10:00', 'Nose que decir no se que decir no se que decir no se que decir', NULL, NULL, 4, 27, 82),
	(139, '2019-06-06 18:56:00', 'Nose que decir no se que decir no se que decir no se que decir', NULL, NULL, 5, 29, 10),
	(140, '2019-04-09 10:30:00', 'Nose que decir no se que decir no se que decir no se que decir', NULL, NULL, 5, 45, 59),
	(141, '2019-02-10 10:52:00', 'Nose que decir no se que decir no se que decir no se que decir', NULL, NULL, 2, 15, 10),
	(142, '2019-04-11 05:18:00', 'Nose que decir no se que decir no se que decir no se que decir', NULL, NULL, 4, 30, 3),
	(143, '2019-04-05 12:06:00', 'Nose que decir no se que decir no se que decir no se que decir', NULL, NULL, 3, 33, 34),
	(144, '2019-01-04 14:05:00', 'Nose que decir no se que decir no se que decir no se que decir', NULL, NULL, 3, 15, 37),
	(145, '2019-05-12 11:41:00', 'Nose que decir no se que decir no se que decir no se que decir', NULL, NULL, 4, 25, 8),
	(146, '2019-03-07 01:28:00', 'Nose que decir no se que decir no se que decir no se que decir', NULL, NULL, 3, 42, 12),
	(147, '2019-04-10 17:11:00', 'Nose que decir no se que decir no se que decir no se que decir', NULL, NULL, 1, 30, 53),
	(148, '2019-02-03 17:58:00', 'Nose que decir no se que decir no se que decir no se que decir', NULL, NULL, 4, 39, 17),
	(149, '2019-03-04 15:28:00', 'Nose que decir no se que decir no se que decir no se que decir', NULL, NULL, 2, 32, 3),
	(150, '2019-02-04 12:25:00', 'Nose que decir no se que decir no se que decir no se que decir', NULL, NULL, 1, 6, 100),
	(151, '2019-05-07 23:07:00', 'Nose que decir no se que decir no se que decir no se que decir', NULL, NULL, 4, 1, 56),
	(152, '2019-06-04 06:59:00', 'Nose que decir no se que decir no se que decir no se que decir', NULL, NULL, 3, 41, 56),
	(153, '2019-01-07 09:55:00', 'Nose que decir no se que decir no se que decir no se que decir', NULL, NULL, 2, 31, 37),
	(154, '2019-06-02 16:03:00', 'Nose que decir no se que decir no se que decir no se que decir', NULL, NULL, 3, 4, 6),
	(155, '2019-03-04 19:33:00', 'Nose que decir no se que decir no se que decir no se que decir', NULL, NULL, 1, 2, 38),
	(156, '2019-05-05 14:04:00', 'Nose que decir no se que decir no se que decir no se que decir', NULL, NULL, 1, 40, 96),
	(157, '2019-03-03 16:03:00', 'Nose que decir no se que decir no se que decir no se que decir', NULL, NULL, 4, 9, 99),
	(158, '2019-06-07 11:17:00', 'Nose que decir no se que decir no se que decir no se que decir', NULL, NULL, 4, 20, 56),
	(159, '2019-01-12 07:52:00', 'Nose que decir no se que decir no se que decir no se que decir', NULL, NULL, 3, 9, 91),
	(160, '2019-06-11 01:43:00', 'Nose que decir no se que decir no se que decir no se que decir', NULL, NULL, 1, 43, 83),
	(161, '2019-04-11 02:28:00', 'Nose que decir no se que decir no se que decir no se que decir', NULL, NULL, 3, 10, 19),
	(162, '2019-01-01 19:01:00', 'Nose que decir no se que decir no se que decir no se que decir', NULL, NULL, 1, 45, 38),
	(163, '2019-02-06 23:43:00', 'Nose que decir no se que decir no se que decir no se que decir', NULL, NULL, 2, 13, 57),
	(164, '2019-01-07 20:15:00', 'Nose que decir no se que decir no se que decir no se que decir', NULL, NULL, 1, 14, 36),
	(165, '2019-03-03 17:46:00', 'Nose que decir no se que decir no se que decir no se que decir', NULL, NULL, 2, 15, 60),
	(166, '2019-04-11 17:37:00', 'Nose que decir no se que decir no se que decir no se que decir', NULL, NULL, 2, 4, 48),
	(167, '2019-01-02 20:52:00', 'Nose que decir no se que decir no se que decir no se que decir', NULL, NULL, 4, 33, 23),
	(168, '2019-04-11 16:44:00', 'Nose que decir no se que decir no se que decir no se que decir', NULL, NULL, 4, 19, 71),
	(169, '2019-05-05 02:41:00', 'Nose que decir no se que decir no se que decir no se que decir', NULL, NULL, 5, 11, 62),
	(170, '2019-03-05 05:28:00', 'Nose que decir no se que decir no se que decir no se que decir', NULL, NULL, 2, 33, 41),
	(171, '2019-03-01 13:55:00', 'Nose que decir no se que decir no se que decir no se que decir', NULL, NULL, 3, 1, 2),
	(172, '2019-06-06 20:14:00', 'Nose que decir no se que decir no se que decir no se que decir', NULL, NULL, 2, 34, 29),
	(173, '2019-03-06 09:25:00', 'Nose que decir no se que decir no se que decir no se que decir', NULL, NULL, 3, 2, 71),
	(174, '2019-04-01 17:19:00', 'Nose que decir no se que decir no se que decir no se que decir', NULL, NULL, 2, 33, 97),
	(175, '2019-02-01 19:30:00', 'Nose que decir no se que decir no se que decir no se que decir', NULL, NULL, 5, 39, 25),
	(176, '2019-01-10 09:13:00', 'Nose que decir no se que decir no se que decir no se que decir', NULL, NULL, 2, 24, 75),
	(177, '2019-04-06 19:31:00', 'Nose que decir no se que decir no se que decir no se que decir', NULL, NULL, 3, 31, 9),
	(178, '2019-02-10 16:50:00', 'Nose que decir no se que decir no se que decir no se que decir', NULL, NULL, 3, 36, 48),
	(179, '2019-01-01 21:44:00', 'Nose que decir no se que decir no se que decir no se que decir', NULL, NULL, 2, 3, 80),
	(180, '2019-02-04 19:49:00', 'Nose que decir no se que decir no se que decir no se que decir', NULL, NULL, 4, 22, 68),
	(181, '2019-01-11 22:49:00', 'Nose que decir no se que decir no se que decir no se que decir', NULL, NULL, 3, 33, 6),
	(182, '2019-02-12 08:46:00', 'Nose que decir no se que decir no se que decir no se que decir', NULL, NULL, 1, 33, 58),
	(183, '2019-05-06 02:11:00', 'Nose que decir no se que decir no se que decir no se que decir', NULL, NULL, 1, 43, 35),
	(184, '2019-05-04 18:47:00', 'Nose que decir no se que decir no se que decir no se que decir', NULL, NULL, 1, 39, 13),
	(185, '2019-03-07 19:53:00', 'Nose que decir no se que decir no se que decir no se que decir', NULL, NULL, 1, 5, 7),
	(186, '2019-06-03 20:40:00', 'Nose que decir no se que decir no se que decir no se que decir', NULL, NULL, 4, 18, 12),
	(187, '2019-04-08 15:16:00', 'Nose que decir no se que decir no se que decir no se que decir', NULL, NULL, 3, 21, 2),
	(188, '2019-05-05 15:26:00', 'Nose que decir no se que decir no se que decir no se que decir', NULL, NULL, 3, 35, 63),
	(189, '2019-04-07 18:42:00', 'Nose que decir no se que decir no se que decir no se que decir', NULL, NULL, 1, 15, 74),
	(190, '2019-01-06 03:32:00', 'Nose que decir no se que decir no se que decir no se que decir', NULL, NULL, 2, 31, 54),
	(191, '2019-02-04 06:20:00', 'Nose que decir no se que decir no se que decir no se que decir', NULL, NULL, 1, 46, 10),
	(192, '2019-01-11 18:54:00', 'Nose que decir no se que decir no se que decir no se que decir', NULL, NULL, 4, 3, 24),
	(193, '2019-03-09 10:58:00', 'Nose que decir no se que decir no se que decir no se que decir', NULL, NULL, 2, 4, 65),
	(194, '2019-02-11 15:28:00', 'Nose que decir no se que decir no se que decir no se que decir', NULL, NULL, 3, 6, 10),
	(195, '2019-02-04 21:33:00', 'Nose que decir no se que decir no se que decir no se que decir', NULL, NULL, 4, 34, 11),
	(196, '2019-04-02 15:00:00', 'Nose que decir no se que decir no se que decir no se que decir', NULL, NULL, 2, 17, 44),
	(197, '2019-02-09 18:15:00', 'Nose que decir no se que decir no se que decir no se que decir', NULL, NULL, 4, 4, 27),
	(198, '2019-05-02 05:35:00', 'Nose que decir no se que decir no se que decir no se que decir', NULL, NULL, 2, 3, 39),
	(199, '2019-03-11 08:18:00', 'Nose que decir no se que decir no se que decir no se que decir', NULL, NULL, 1, 18, 75),
	(200, '2019-04-06 01:26:00', 'Nose que decir no se que decir no se que decir no se que decir', NULL, NULL, 5, 25, 37),
	(201, '2019-02-01 07:48:00', 'Nose que decir no se que decir no se que decir no se que decir', NULL, NULL, 4, 1, 15),
	(202, '2019-03-03 07:39:00', 'Nose que decir no se que decir no se que decir no se que decir', NULL, NULL, 5, 9, 55),
	(203, '2019-03-01 00:28:00', 'Nose que decir no se que decir no se que decir no se que decir', NULL, NULL, 4, 6, 34),
	(204, '2019-04-02 08:06:00', 'Nose que decir no se que decir no se que decir no se que decir', NULL, NULL, 4, 28, 5),
	(205, '2019-03-02 22:30:00', 'Nose que decir no se que decir no se que decir no se que decir', NULL, NULL, 4, 4, 35),
	(206, '2019-05-04 11:32:00', 'Nose que decir no se que decir no se que decir no se que decir', NULL, NULL, 3, 31, 12),
	(207, '2019-04-07 02:59:00', 'Nose que decir no se que decir no se que decir no se que decir', NULL, NULL, 4, 13, 58),
	(208, '2019-01-08 23:01:00', 'Nose que decir no se que decir no se que decir no se que decir', NULL, NULL, 3, 26, 40),
	(209, '2019-04-02 21:29:00', 'Nose que decir no se que decir no se que decir no se que decir', NULL, NULL, 1, 43, 54),
	(210, '2019-06-01 08:36:00', 'Nose que decir no se que decir no se que decir no se que decir', NULL, NULL, 2, 28, 58),
	(211, '2019-05-04 23:49:00', 'Nose que decir no se que decir no se que decir no se que decir', NULL, NULL, 4, 28, 85),
	(212, '2019-03-02 05:54:00', 'Nose que decir no se que decir no se que decir no se que decir', NULL, NULL, 3, 12, 9),
	(213, '2019-06-04 04:36:00', 'Nose que decir no se que decir no se que decir no se que decir', NULL, NULL, 5, 6, 94),
	(214, '2019-04-10 06:13:00', 'Nose que decir no se que decir no se que decir no se que decir', NULL, NULL, 4, 40, 82),
	(215, '2019-03-11 20:38:00', 'Nose que decir no se que decir no se que decir no se que decir', NULL, NULL, 3, 1, 90),
	(216, '2019-01-07 07:11:00', 'Nose que decir no se que decir no se que decir no se que decir', NULL, NULL, 3, 17, 25),
	(217, '2019-02-06 05:00:00', 'Nose que decir no se que decir no se que decir no se que decir', NULL, NULL, 4, 17, 65),
	(218, '2019-01-05 19:31:00', 'Nose que decir no se que decir no se que decir no se que decir', NULL, NULL, 4, 2, 11),
	(219, '2019-02-05 22:44:00', 'Nose que decir no se que decir no se que decir no se que decir', NULL, NULL, 4, 26, 65),
	(220, '2019-01-06 15:10:00', 'Nose que decir no se que decir no se que decir no se que decir', NULL, NULL, 3, 21, 36),
	(221, '2019-01-03 00:55:00', 'Nose que decir no se que decir no se que decir no se que decir', NULL, NULL, 5, 28, 28),
	(222, '2019-06-09 23:40:00', 'Nose que decir no se que decir no se que decir no se que decir', NULL, NULL, 1, 38, 44),
	(223, '2019-02-02 08:30:00', 'Nose que decir no se que decir no se que decir no se que decir', NULL, NULL, 1, 24, 16),
	(224, '2019-06-01 19:25:00', 'Nose que decir no se que decir no se que decir no se que decir', NULL, NULL, 2, 37, 70),
	(225, '2019-05-09 04:38:00', 'Nose que decir no se que decir no se que decir no se que decir', NULL, NULL, 4, 24, 24),
	(226, '2019-06-11 12:57:00', 'Nose que decir no se que decir no se que decir no se que decir', NULL, NULL, 1, 35, 60),
	(227, '2019-04-06 05:47:00', 'Nose que decir no se que decir no se que decir no se que decir', NULL, NULL, 1, 22, 25),
	(228, '2019-05-10 02:25:00', 'Nose que decir no se que decir no se que decir no se que decir', NULL, NULL, 1, 48, 77),
	(229, '2019-06-10 15:17:00', 'Nose que decir no se que decir no se que decir no se que decir', NULL, NULL, 2, 48, 65),
	(230, '2019-02-12 10:50:00', 'Nose que decir no se que decir no se que decir no se que decir', NULL, NULL, 3, 46, 43),
	(231, '2019-06-08 14:48:00', 'Nose que decir no se que decir no se que decir no se que decir', NULL, NULL, 4, 21, 3),
	(232, '2019-04-03 02:58:00', 'Nose que decir no se que decir no se que decir no se que decir', NULL, NULL, 2, 37, 6),
	(233, '2019-03-10 03:38:00', 'Nose que decir no se que decir no se que decir no se que decir', NULL, NULL, 4, 33, 30),
	(234, '2019-04-11 20:01:00', 'Nose que decir no se que decir no se que decir no se que decir', NULL, NULL, 4, 36, 13),
	(235, '2019-05-01 14:05:00', 'Nose que decir no se que decir no se que decir no se que decir', NULL, NULL, 3, 22, 35),
	(236, '2019-02-01 21:18:00', 'Nose que decir no se que decir no se que decir no se que decir', NULL, NULL, 4, 46, 91),
	(237, '2019-06-02 22:05:00', 'Nose que decir no se que decir no se que decir no se que decir', NULL, NULL, 5, 5, 92),
	(238, '2019-02-06 19:36:00', 'Nose que decir no se que decir no se que decir no se que decir', NULL, NULL, 3, 45, 13),
	(239, '2019-04-05 04:11:00', 'Nose que decir no se que decir no se que decir no se que decir', NULL, NULL, 2, 1, 82),
	(240, '2019-01-06 06:25:00', 'Nose que decir no se que decir no se que decir no se que decir', NULL, NULL, 2, 26, 97),
	(241, '2019-03-09 14:29:00', 'Nose que decir no se que decir no se que decir no se que decir', NULL, NULL, 1, 20, 15),
	(242, '2019-01-04 02:46:00', 'Nose que decir no se que decir no se que decir no se que decir', NULL, NULL, 3, 25, 73),
	(243, '2019-04-09 07:54:00', 'Nose que decir no se que decir no se que decir no se que decir', NULL, NULL, 1, 37, 65),
	(244, '2019-03-10 10:33:00', 'Nose que decir no se que decir no se que decir no se que decir', NULL, NULL, 1, 48, 9),
	(245, '2019-03-08 00:41:00', 'Nose que decir no se que decir no se que decir no se que decir', NULL, NULL, 1, 12, 16),
	(246, '2019-06-03 10:08:00', 'Nose que decir no se que decir no se que decir no se que decir', NULL, NULL, 2, 17, 58),
	(247, '2019-04-01 23:54:00', 'Nose que decir no se que decir no se que decir no se que decir', NULL, NULL, 4, 3, 17),
	(248, '2019-01-03 19:17:00', 'Nose que decir no se que decir no se que decir no se que decir', NULL, NULL, 3, 31, 19),
	(249, '2019-05-01 08:58:00', 'Nose que decir no se que decir no se que decir no se que decir', NULL, NULL, 1, 6, 82),
	(250, '2019-01-10 16:30:00', 'Nose que decir no se que decir no se que decir no se que decir', NULL, NULL, 5, 23, 92),
	(251, '2019-06-17 01:09:41', 'asdas', '', '', 3, 52, 107),
	(252, '2019-06-17 01:19:20', 'dasdasdasdasd', '', '', 3, 52, 107),
	(253, '2019-06-17 01:20:38', 'dasdasdas', '', '', 3, 52, 107),
	(254, '2019-06-17 01:21:06', 'sadsdasdasd', '', '', 3, 52, 105);
/*!40000 ALTER TABLE `respuesta` ENABLE KEYS */;

-- Dumping structure for table modelosin.tarjeta
CREATE TABLE IF NOT EXISTS `tarjeta` (
  `idTarjeta` int(11) NOT NULL AUTO_INCREMENT,
  `numTarjeta` varchar(45) COLLATE utf8_unicode_ci NOT NULL,
  `fechaVencimiento` date NOT NULL,
  `cvv` varchar(4) COLLATE utf8_unicode_ci NOT NULL,
  `nombreTitular` varchar(45) COLLATE utf8_unicode_ci NOT NULL,
  PRIMARY KEY (`idTarjeta`)
) ENGINE=InnoDB AUTO_INCREMENT=11 DEFAULT CHARSET=utf8 COLLATE=utf8_unicode_ci;

-- Dumping data for table modelosin.tarjeta: ~10 rows (approximately)
/*!40000 ALTER TABLE `tarjeta` DISABLE KEYS */;
INSERT INTO `tarjeta` (`idTarjeta`, `numTarjeta`, `fechaVencimiento`, `cvv`, `nombreTitular`) VALUES
	(1, '4321570991135490', '2028-01-27', '045', 'Juan Perez Gomez'),
	(2, '5709123456789010', '2028-02-10', '678', 'Pedro Ramirez Lazo'),
	(3, '4012888888889110', '2020-06-16', '471', 'Nora Cruz Pascual'),
	(4, '4918400012344560', '2029-09-01', '213', 'Hector Ferrer Paz'),
	(5, '3777545090681270', '2029-01-20', '110', 'Maria Gallego Leon'),
	(6, '4321570458135490', '2030-08-04', '046', 'Francisca Morales Jimenez'),
	(7, '5709123456789010', '2028-05-18', '122', 'Pedro Ramirez Lazo'),
	(8, '4012678888889110', '2027-08-23', '318', 'Nora Cruz Pascual'),
	(9, '4918400012347860', '2022-04-28', '514', 'Hector Ferrer Paz'),
	(10, '4737545090681270', '2021-06-02', '711', 'Francisca Morales Jimenez');
/*!40000 ALTER TABLE `tarjeta` ENABLE KEYS */;

-- Dumping structure for table modelosin.topico
CREATE TABLE IF NOT EXISTS `topico` (
  `idTopico` int(11) NOT NULL AUTO_INCREMENT,
  `nombre` varchar(20) COLLATE utf8_unicode_ci NOT NULL,
  PRIMARY KEY (`idTopico`)
) ENGINE=InnoDB AUTO_INCREMENT=9 DEFAULT CHARSET=utf8 COLLATE=utf8_unicode_ci;

-- Dumping data for table modelosin.topico: ~8 rows (approximately)
/*!40000 ALTER TABLE `topico` DISABLE KEYS */;
INSERT INTO `topico` (`idTopico`, `nombre`) VALUES
	(1, 'Matematicas'),
	(2, 'Quimica'),
	(3, 'Biologia'),
	(4, 'Fisica'),
	(5, 'Ingenieria'),
	(6, 'Derecho'),
	(7, 'Informatica'),
	(8, 'Economia');
/*!40000 ALTER TABLE `topico` ENABLE KEYS */;

-- Dumping structure for table modelosin.universidad
CREATE TABLE IF NOT EXISTS `universidad` (
  `idUniversidad` int(11) NOT NULL AUTO_INCREMENT,
  `nombre` varchar(50) COLLATE utf8_unicode_ci NOT NULL,
  `Ciudad_idCiudad` int(11) NOT NULL,
  PRIMARY KEY (`idUniversidad`),
  KEY `fk_Universidad_Ciudad_idx` (`Ciudad_idCiudad`),
  CONSTRAINT `fk_Universidad_Ciudad` FOREIGN KEY (`Ciudad_idCiudad`) REFERENCES `ciudad` (`idCiudad`) ON DELETE NO ACTION ON UPDATE NO ACTION
) ENGINE=InnoDB AUTO_INCREMENT=21 DEFAULT CHARSET=utf8 COLLATE=utf8_unicode_ci;

-- Dumping data for table modelosin.universidad: ~20 rows (approximately)
/*!40000 ALTER TABLE `universidad` DISABLE KEYS */;
INSERT INTO `universidad` (`idUniversidad`, `nombre`, `Ciudad_idCiudad`) VALUES
	(1, 'Pontificia Universidad Catolica del Peru', 1),
	(2, 'Universidad Peruana Cayetano Heredia', 1),
	(3, 'Universidad Nacional Mayor de San Marcos', 1),
	(4, 'Universidad Nacional Agraria La Molina', 1),
	(5, 'Universidad Nacional de Ingenieria', 1),
	(6, 'Universidad Nacional San Antonio Abad del Cusco', 4),
	(7, 'Universidad Nacional de Trujillo', 3),
	(8, 'Universidad Cientifica del Sur', 1),
	(9, 'Universidad de Piura', 6),
	(10, 'Universidad del Pacifico', 1),
	(11, 'Universidad Peruana de Ciencias Aplicadas', 1),
	(12, 'Universidad Nacional de la Amazonia Peruana', 5),
	(13, 'Universidad San Martin de Porres', 1),
	(14, 'Universidad de Lima', 1),
	(15, 'Universidad Nacional San Agustin', 2),
	(16, 'Universidad ESAN', 1),
	(17, 'Universidad Ricardo Palma', 1),
	(18, 'Universidad Catolica San Pablo', 2),
	(19, 'Universidad Privada San Ignacio de Loyola', 1),
	(20, 'Universidad Nacional del Centro del Peru', 8);
/*!40000 ALTER TABLE `universidad` ENABLE KEYS */;

-- Dumping structure for table modelosin.usuario
CREATE TABLE IF NOT EXISTS `usuario` (
  `idUsuario` int(11) NOT NULL AUTO_INCREMENT,
  `nombre` varchar(60) COLLATE utf8_unicode_ci NOT NULL,
  `apellido` varchar(60) COLLATE utf8_unicode_ci NOT NULL,
  `email` varchar(60) COLLATE utf8_unicode_ci NOT NULL,
  `telefono` varchar(13) COLLATE utf8_unicode_ci NOT NULL,
  `password` varchar(250) COLLATE utf8_unicode_ci NOT NULL,
  `fechaNacimiento` date NOT NULL,
  `imagenPerfil` varchar(100) COLLATE utf8_unicode_ci DEFAULT NULL,
  `Universidad_idUniversidad` int(11) NOT NULL,
  `Tarjeta_idTarjeta` int(11) DEFAULT NULL,
  `Genero_idGenero` int(11) NOT NULL,
  PRIMARY KEY (`idUsuario`),
  KEY `fk_Usuario_Universidad1_idx` (`Universidad_idUniversidad`),
  KEY `fk_Usuario_Tarjeta1_idx` (`Tarjeta_idTarjeta`),
  KEY `fk_Usuario_Genero1_idx` (`Genero_idGenero`),
  CONSTRAINT `fk_Usuario_Genero1` FOREIGN KEY (`Genero_idGenero`) REFERENCES `genero` (`idGenero`) ON DELETE NO ACTION ON UPDATE NO ACTION,
  CONSTRAINT `fk_Usuario_Tarjeta1` FOREIGN KEY (`Tarjeta_idTarjeta`) REFERENCES `tarjeta` (`idTarjeta`) ON DELETE NO ACTION ON UPDATE NO ACTION,
  CONSTRAINT `fk_Usuario_Universidad1` FOREIGN KEY (`Universidad_idUniversidad`) REFERENCES `universidad` (`idUniversidad`) ON DELETE NO ACTION ON UPDATE NO ACTION
) ENGINE=InnoDB AUTO_INCREMENT=58 DEFAULT CHARSET=utf8 COLLATE=utf8_unicode_ci;

-- Dumping data for table modelosin.usuario: ~56 rows (approximately)
/*!40000 ALTER TABLE `usuario` DISABLE KEYS */;
INSERT INTO `usuario` (`idUsuario`, `nombre`, `apellido`, `email`, `telefono`, `password`, `fechaNacimiento`, `imagenPerfil`, `Universidad_idUniversidad`, `Tarjeta_idTarjeta`, `Genero_idGenero`) VALUES
	(1, 'Antonio', 'Garcia Moreno', 'antonioiano@gmail.com', '839775981', '123', '1995-05-25', NULL, 18, NULL, 3),
	(2, 'Jose', 'Martinez Peralta', 'joseezta@gmail.com', '619523718', '123', '1995-05-26', NULL, 7, NULL, 3),
	(3, 'Francisco', 'Lopez Vega', 'franciscoezga@gmail.com', '179257952', '123', '1995-05-27', NULL, 10, NULL, 2),
	(4, 'Juan', 'Sanchez Carrizo', 'juanezzo@gmail.com', '754384175', '123', '1995-05-28', NULL, 9, NULL, 3),
	(5, 'Manuel', 'Gonzalez Quiroga', 'manuelezga@gmail.com', '565160427', '123', '1995-05-29', NULL, 15, NULL, 3),
	(6, 'Pedro', 'Sanchez Castillo', 'pedroezlo@gmail.com', '731874908', '123', '1995-05-30', NULL, 13, NULL, 1),
	(7, 'Jesus', 'Fernandez Ledesma', 'jesusezma@gmail.com', '121544581', '123', '1995-05-31', NULL, 2, NULL, 3),
	(8, 'Angel', 'Moreno Muoz', 'angelnooz@gmail.com', '363881579', '123', '1996-05-01', NULL, 4, NULL, 2),
	(9, 'Miguel', 'Jimenez Ojeda', 'miguelezda@gmail.com', '333599717', '123', '1996-05-02', NULL, 17, NULL, 2),
	(10, 'Javier', 'Perez Ponce', 'javierezce@gmail.com', '936985592', '123', '1996-05-03', NULL, 8, NULL, 3),
	(11, 'Jose Antonio', 'Rodriguez Vera', 'jose antonioezra@gmail.com', '570726988', '123', '1996-05-04', NULL, 13, NULL, 1),
	(12, 'David', 'Navarro Ferreyra', 'davidrora@gmail.com', '789127826', '123', '1996-05-05', NULL, 12, NULL, 2),
	(13, 'Carlos', 'Ruiz Gomez', 'carlosizez@gmail.com', '754115478', '123', '1996-05-06', NULL, 2, NULL, 2),
	(14, 'Jose Luis', 'Diaz Rodriguez', 'jose luisazez@gmail.com', '687551751', '123', '1996-05-07', NULL, 13, NULL, 2),
	(15, 'Alejandro', 'Serrano Hernandez', 'alejandronoez@gmail.com', '967688693', '123', '1996-05-08', NULL, 20, NULL, 2),
	(16, 'Miguel Angel', 'Hernandez Garcia', 'miguel angelezia@gmail.com', '517086660', '123', '1996-05-09', NULL, 9, NULL, 1),
	(17, 'Francisco Javier', 'Gomez Muoz', 'francisco javierezoz@gmail.com', '328504444', '123', '1996-05-10', NULL, 15, NULL, 2),
	(18, 'Maria', 'Fernandez Lopez', 'mariaezez@gmail.com', '375205720', '123', '1996-05-11', NULL, 9, NULL, 1),
	(19, 'Maria Carmen', 'Moreno Sanchez', 'maria carmennoez@gmail.com', '876910790', '123', '1996-05-12', NULL, 14, NULL, 1),
	(20, 'Josefa', 'Jimenez Gonzalez', 'josefaezez@gmail.com', '655354038', '123', '1996-05-13', NULL, 3, NULL, 1),
	(21, 'Isabel', 'Perez Sanchez', 'isabelezez@gmail.com', '940937729', '123', '1996-05-14', NULL, 17, NULL, 3),
	(22, 'Maria Dolores', 'Rodriguez Fernandez', 'maria doloresezez@gmail.com', '757169994', '123', '1996-05-15', NULL, 4, NULL, 3),
	(23, 'Carmen', 'Godoy Moreno', 'carmenoyno@gmail.com', '917229337', '123', '1996-05-16', NULL, 14, NULL, 1),
	(24, 'Francisca', 'Morales Jimenez', 'franciscaesez@gmail.com', '328388832', '123', '1996-05-17', NULL, 13, NULL, 3),
	(25, 'Maria Pilar', 'Domnguez Navarro', 'maria pilarezro@gmail.com', '110851075', '123', '1996-05-18', NULL, 9, NULL, 1),
	(26, 'Dolores', 'Moreno Ruiz', 'doloresnoiz@gmail.com', '811469288', '123', '1996-05-19', NULL, 7, NULL, 3),
	(27, 'Maria Jose', 'Peralta Diaz', 'maria josetaaz@gmail.com', '461313644', '123', '1996-05-20', NULL, 12, NULL, 3),
	(28, 'Antonia', 'Vega Serrano', 'antoniagano@gmail.com', '115689031', '123', '1996-05-21', NULL, 8, NULL, 1),
	(29, 'Ana', 'Carrizo Hernandez', 'anazoez@gmail.com', '401190520', '123', '1996-05-22', NULL, 2, NULL, 2),
	(30, 'Maria Isabel', 'Quiroga Gomez', 'maria isabelgaez@gmail.com', '831861028', '123', '1996-05-23', NULL, 12, NULL, 3),
	(31, 'Maria Angeles', 'Castillo Fernandez', 'maria angelesloez@gmail.com', '295744087', '123', '1996-05-24', NULL, 20, NULL, 1),
	(32, 'Pilar', 'Ledesma Moreno', 'pilarmano@gmail.com', '985564844', '123', '1996-05-25', NULL, 19, NULL, 1),
	(33, 'Ana Maria', 'Muoz Jimenez', 'ana mariaozez@gmail.com', '630542833', '123', '1996-05-26', NULL, 15, NULL, 3),
	(34, 'Francisco', 'Ojeda Perez', 'franciscodaez@gmail.com', '804290106', '123', '1996-05-27', NULL, 14, NULL, 3),
	(35, 'Juan', 'Ponce Rodriguez', 'juanceez@gmail.com', '181940933', '123', '1996-05-28', NULL, 12, NULL, 1),
	(36, 'Manuel', 'Vera Godoy', 'manuelraoy@gmail.com', '273758649', '123', '1996-05-29', NULL, 13, NULL, 1),
	(37, 'Maria Carmen', 'Ferreyra Morales', 'maria carmenraes@gmail.com', '212239647', '123', '1996-05-30', NULL, 18, NULL, 2),
	(38, 'Miguel Angel', 'Gomez Domnguez', 'miguel angelezez@gmail.com', '458871491', '123', '1997-08-01', NULL, 8, NULL, 1),
	(39, 'Francisco Javier', 'Rodriguez Moreno', 'francisco javierezno@gmail.com', '810920288', '123', '1997-08-02', NULL, 7, NULL, 2),
	(40, 'Maria', 'Hernandez Peralta', 'mariaezta@gmail.com', '332808356', '123', '1997-08-03', NULL, 10, NULL, 1),
	(41, 'Maria Carmen', 'Garcia Lopez', 'maria carmeniaez@gmail.com', '342959913', '123', '1997-08-04', NULL, 19, NULL, 2),
	(42, 'Raul', 'Seminario Sanchez', 'raulioez@gmail.com', '919573903', '123', '1997-08-05', NULL, 9, NULL, 1),
	(43, 'Alejandro', 'Denegri Santiesteban', 'alejandrorian@gmail.com', '599150327', '124', '1997-08-06', NULL, 17, NULL, 2),
	(44, 'Jose Luis', 'Timana Sanchez', 'jose luisnaez@gmail.com', '406871676', '125', '1997-08-07', NULL, 3, NULL, 2),
	(45, 'Carlos', 'Garcia Gonzalez', 'carlosiaez@gmail.com', '507999567', '126', '1997-08-08', NULL, 4, NULL, 3),
	(46, 'Antonio', 'Muoz Domnguez', 'antonioozez@gmail.com', '769047978', '127', '1997-08-09', NULL, 8, NULL, 3),
	(47, 'Isabela', 'Domnguez Sanchez', 'isabelaezez@gmail.com', '354984989', '128', '1997-08-10', NULL, 3, NULL, 2),
	(48, 'Rodolfo', 'Jimenez Peralta', 'rodolfoezta@gmail.com', '520779649', '129', '1997-08-11', NULL, 10, NULL, 1),
	(49, 'Miguel', 'Cano Sanchez', 'miguelnoez@gmail.com', '886653312', '130', '1997-08-12', NULL, 20, NULL, 3),
	(50, 'Francisco', 'Dominguez Perez', 'franciscoezez@gmail.com', '346569020', '131', '1997-08-13', NULL, 19, NULL, 1),
	(51, 'Admin', 'Admin', 'admin@gmail.com', '123456789', '123', '1997-06-25', NULL, 9, NULL, 1),
	(52, 'Elias', 'Guere', 'eliasguere1025@gmail.com', '962680881', '123', '2019-06-13', NULL, 9, 1, 1),
	(54, 'Manuel', 'Lopez', 'masda@gmail.com', '9626808810', '123', '1997-06-25', NULL, 11, NULL, 1),
	(55, 'Manuela', 'Pajares', 'manu@gmail.com', '1234567981', '123', '1996-06-12', NULL, 14, NULL, 1),
	(56, 'kgygjyh', 'uhkjhgkhj', 'eliasguere1025@gmail.com', '962680881', '123', '2019-06-11', NULL, 15, NULL, 1),
	(57, 'pier', 'sandoval', 'pier@gmail.com', '962680881', '123', '1996-05-09', NULL, 9, NULL, 3);
/*!40000 ALTER TABLE `usuario` ENABLE KEYS */;

/*!40101 SET SQL_MODE=IFNULL(@OLD_SQL_MODE, '') */;
/*!40014 SET FOREIGN_KEY_CHECKS=IF(@OLD_FOREIGN_KEY_CHECKS IS NULL, 1, @OLD_FOREIGN_KEY_CHECKS) */;
/*!40101 SET CHARACTER_SET_CLIENT=@OLD_CHARACTER_SET_CLIENT */;
